{
    "LogisticRegression": {
        "model": "LogisticRegression",
        "accuracy": 0.8740031897926634,
        "balanced_accuracy": 0.8739637028610843,
        "precision_weighted": 0.8678506095649198,
        "recall_weighted": 0.8740031897926634,
        "f1_score_weighted": 0.8617173736641627,
        "kappa": 0.8721780161051622,
        "roc_auc": 0.9986244168456293
    },
    "RandomForest_Tuned": {
        "model": "RandomForest_Tuned",
        "accuracy": 0.9258373205741627,
        "balanced_accuracy": 0.9276703042328042,
        "precision_weighted": 0.9295032464624782,
        "recall_weighted": 0.9258373205741627,
        "f1_score_weighted": 0.9245196710302541,
        "kappa": 0.9247602912504855,
        "roc_auc": 0.9988628530419504
    },
    "LightGBM": {
        "model": "LightGBM",
        "accuracy": 0.9114832535885168,
        "balanced_accuracy": 0.9134420252018935,
        "precision_weighted": 0.9116574448830452,
        "recall_weighted": 0.9114832535885168,
        "f1_score_weighted": 0.9102653860556581,
        "kappa": 0.9101997367809863,
        "roc_auc": 0.9977032175711088
    },
    "XGBoost": {
        "model": "XGBoost",
        "accuracy": 0.919457735247209,
        "balanced_accuracy": 0.9220111911723754,
        "precision_weighted": 0.9203661200449433,
        "recall_weighted": 0.919457735247209,
        "f1_score_weighted": 0.9180854541126596,
        "kappa": 0.9182889544219667,
        "roc_auc": 0.9987189416272799
    },
    "MLP": {
        "model": "MLP",
        "accuracy": 0.8995215311004785,
        "balanced_accuracy": 0.8921910895095235,
        "precision_weighted": 0.9034356022786888,
        "recall_weighted": 0.8995215311004785,
        "f1_score_weighted": 0.8909936811198653,
        "kappa": 0.8980634480907703,
        "roc_auc": 0.9989252765154806
    },
    "CatBoost": {
        "model": "CatBoost",
        "accuracy": 0.9338118022328549,
        "balanced_accuracy": 0.9356784038043714,
        "precision_weighted": 0.9378470077560573,
        "recall_weighted": 0.9338118022328549,
        "f1_score_weighted": 0.9318710683255302,
        "kappa": 0.9328517521885018,
        "roc_auc": 0.9990294170822859
    },
    "VotingClassifier_Ensemble": {
        "model": "VotingClassifier_Ensemble",
        "accuracy": 0.9242424242424242,
        "balanced_accuracy": 0.9241804260912233,
        "precision_weighted": 0.9292991279793513,
        "recall_weighted": 0.9242424242424242,
        "f1_score_weighted": 0.9211688796706157,
        "kappa": 0.9231443155308738,
        "roc_auc": 0.9989752136048938
    }
}