{
    "LogisticRegression": {
        "model": "LogisticRegression",
        "accuracy": 0.8883572567783095,
        "balanced_accuracy": 0.8851215923858468,
        "precision_weighted": 0.9086419759999573,
        "recall_weighted": 0.8883572567783095,
        "f1_score_weighted": 0.875582468459923,
        "kappa": 0.8867374568313972,
        "roc_auc": 0.9985295763734688
    },
    "RandomForest_Tuned": {
        "model": "RandomForest_Tuned",
        "accuracy": 0.9258373205741627,
        "balanced_accuracy": 0.9277329608744083,
        "precision_weighted": 0.9296335864435565,
        "recall_weighted": 0.9258373205741627,
        "f1_score_weighted": 0.9240940496792615,
        "kappa": 0.9247604368748826,
        "roc_auc": 0.9988311144980281
    },
    "LightGBM": {
        "model": "LightGBM",
        "accuracy": 0.9154704944178629,
        "balanced_accuracy": 0.9187856656945278,
        "precision_weighted": 0.91689914262195,
        "recall_weighted": 0.9154704944178629,
        "f1_score_weighted": 0.9149747816020342,
        "kappa": 0.91424368717823,
        "roc_auc": 0.9979360367048385
    },
    "XGBoost": {
        "model": "XGBoost",
        "accuracy": 0.9186602870813397,
        "balanced_accuracy": 0.9208172340573656,
        "precision_weighted": 0.9206787690796757,
        "recall_weighted": 0.9186602870813397,
        "f1_score_weighted": 0.9176119782494448,
        "kappa": 0.917479827692657,
        "roc_auc": 0.9987608839698185
    },
    "MLP": {
        "model": "MLP",
        "accuracy": 0.9019138755980861,
        "balanced_accuracy": 0.901636864430337,
        "precision_weighted": 0.8936337359254908,
        "recall_weighted": 0.9019138755980861,
        "f1_score_weighted": 0.8928488982602572,
        "kappa": 0.9004936544883076,
        "roc_auc": 0.9988457244797768
    },
    "CatBoost": {
        "model": "CatBoost",
        "accuracy": 0.9362041467304625,
        "balanced_accuracy": 0.9372358848510165,
        "precision_weighted": 0.9426436712926569,
        "recall_weighted": 0.9362041467304625,
        "f1_score_weighted": 0.9329039057087117,
        "kappa": 0.9352781709631759,
        "roc_auc": 0.9990356947398682
    },
    "VotingClassifier_Ensemble": {
        "model": "VotingClassifier_Ensemble",
        "accuracy": 0.9210526315789473,
        "balanced_accuracy": 0.9220356367560315,
        "precision_weighted": 0.9246063112927007,
        "recall_weighted": 0.9210526315789473,
        "f1_score_weighted": 0.917098958366389,
        "kappa": 0.9199069949284624,
        "roc_auc": 0.998964086391181
    }
}