,accuracy,balanced_accuracy,precision,recall,f1,kappa,roc_auc,model
LogisticRegression,0.8883572567783095,0.8891297086795024,0.900313487835851,0.8883572567783095,0.8790954933736193,0.8867433753003017,0.9986740065587402,LogisticRegression
RandomForest_Tuned,0.9250398724082934,0.9284500313283206,0.9272495129245703,0.9250398724082934,0.924086998916577,0.9239525868158935,0.9987892196974221,RandomForest_Tuned
LightGBM,0.9146730462519936,0.9184201824004455,0.9162028579253461,0.9146730462519936,0.913887375060669,0.9134360615336974,0.9979737018392796,LightGBM
XGBoost,0.9146730462519936,0.9187521755778335,0.9152888027901029,0.9146730462519936,0.913666243902594,0.9134360615336974,0.9986564182332378,XGBoost
MLP,0.8947368421052632,0.8955260758166461,0.9066634417482239,0.8947368421052632,0.891565956653784,0.8932166979543651,0.9988844955203054,MLP
CatBoost,0.9178628389154705,0.9210615921674358,0.9218544876097456,0.9178628389154705,0.916643532863505,0.9166723116495027,0.9990564402603975,CatBoost
ResidualCatBoost_SVC,0.9218500797448166,0.9238074273436117,0.9272061374143382,0.9218500797448166,0.9198637600150112,0.9207176519542855,0.9990163727776007,ResidualCatBoost_SVC
ResidualCatBoost_RF,0.9282296650717703,0.9311034451659452,0.9318960459774562,0.9282296650717703,0.9285485734463496,0.9271901500904801,0.9989899671226481,ResidualCatBoost_RF
VotingClassifier_Ensemble,0.9266347687400319,0.929978157198552,0.9292678481976434,0.9266347687400319,0.926011262493246,0.9255709530076643,0.9989538446358963,VotingClassifier_Ensemble
