,accuracy,balanced_accuracy,precision,recall,f1,kappa,roc_auc,model
LogisticRegression,0.8740031897926634,0.8744248291865035,0.8797414008193893,0.8740031897926634,0.8654122721450889,0.8721782634921762,0.9984204607801226,LogisticRegression
RandomForest_Tuned,0.9282296650717703,0.9311790761626288,0.9324444445981842,0.9282296650717703,0.9271050948461729,0.9271885060289156,0.9988305318911994,RandomForest_Tuned
LightGBM,0.9138755980861244,0.9177470586187693,0.9153092841260831,0.9138755980861244,0.9128860885995785,0.9126267145536338,0.9979606477592681,LightGBM
XGBoost,0.9154704944178629,0.9194550407882451,0.9166682936106204,0.9154704944178629,0.9143576646857764,0.9142447936827437,0.9987840957645745,XGBoost
MLP,0.8939393939393939,0.8942279019307529,0.9001998791040764,0.8939393939393939,0.8886087944355799,0.8924046100697703,0.998784522852123,MLP
CatBoost,0.9258373205741627,0.9287155309359257,0.9296065036916281,0.9258373205741627,0.9230259574044762,0.9247620872453216,0.9990319208798951,CatBoost
ResidualCatBoost_SVC,0.9218500797448166,0.9210400923394345,0.9269313392924461,0.9218500797448166,0.9185309439392785,0.9207154013745709,0.9990055199115296,ResidualCatBoost_SVC
ResidualCatBoost_RF,0.9226475279106858,0.9230242193235614,0.9273974343840864,0.9226475279106858,0.9210720431203531,0.9215253898311646,0.9989241795981281,ResidualCatBoost_RF
VotingClassifier_Ensemble,0.9266347687400319,0.9297170878585352,0.9315652281786099,0.9266347687400319,0.9243440669422346,0.9255711930943941,0.9989293383894567,VotingClassifier_Ensemble
