,accuracy,balanced_accuracy,precision,recall,f1,kappa,roc_auc,model
LogisticRegression,0.8787878787878788,0.8803840540956769,0.8959489439356294,0.8787878787878788,0.8700233192871396,0.877034316049832,0.9985152610667013,LogisticRegression
RandomForest_Tuned,0.9234449760765551,0.926793111250348,0.9282364837215631,0.9234449760765551,0.9223176291546411,0.9223347070648682,0.998820128680143,RandomForest_Tuned
LightGBM,0.9138755980861244,0.9164617272347536,0.9143973644747639,0.9138755980861244,0.913376287820594,0.9126254744302804,0.997744424253894,LightGBM
XGBoost,0.9130781499202552,0.9170739348370928,0.9138699685257861,0.9130781499202552,0.9121535968077839,0.9118175888704592,0.9987240632073154,XGBoost
MLP,0.9090909090909091,0.9069699052977561,0.916297589119103,0.9090909090909091,0.9056428148057395,0.9077734761327516,0.9988374407457531,MLP
CatBoost,0.9282296650717703,0.9306474440520494,0.9314330420000942,0.9282296650717703,0.9263754596421526,0.9271884590546371,0.999066692864402,CatBoost
ResidualCatBoost_SVC,0.9258373205741627,0.9272013287638288,0.9303663452289872,0.9258373205741627,0.9229040639273224,0.924760873744692,0.9990332341587521,ResidualCatBoost_SVC
ResidualCatBoost_RF,0.9274322169059012,0.9299164499000026,0.9314118775350632,0.9274322169059012,0.9264236352302763,0.9263798219010256,0.9990022610823271,ResidualCatBoost_RF
VotingClassifier_Ensemble,0.9322169059011164,0.9335809140907825,0.9366582145769488,0.9322169059011164,0.9304022181389291,0.9312330566483744,0.9989795818166706,VotingClassifier_Ensemble
